source,target,weight
"Aditya Prapanca, S.T., M.Kom.","Dr. Widi Aribowo, S.T., M.T.",8
"Aditya Prapanca, S.T., M.Kom.","Agus Prihanto, S.T., M.Kom.",2
"Aditya Prapanca, S.T., M.Kom.","Anita Qoiriah, S.Kom., M.Kom.",1
"Aditya Prapanca, S.T., M.Kom.","Dr. Yuni Yamasari, S.Kom., M.Kom.",3
"Aditya Prapanca, S.T., M.Kom.","Naim Rochmawati, S.Kom., M.T.",2
"Aditya Prapanca, S.T., M.Kom.","Dr. Aries Dwi Indriyanti, S.Kom., M.Kom.",1
"Aditya Prapanca, S.T., M.Kom.","Ervin Yohannes, S.Kom., M.Kom., M.Sc., Ph.D.",2
"Aditya Prapanca, S.T., M.Kom.","Reza Rahmadian, S.ST., M.EngSc.",4
"Aditya Prapanca, S.T., M.Kom.","Prof. Dr. Bambang Suprianto, M.T.",3
"Aditya Prapanca, S.T., M.Kom.","Unit Three Kartini, S.T., M.T., Ph.D.",1
"Aditya Prapanca, S.T., M.Kom.","Dr.  Wiyli Yustanti, S.Si., M.Kom.",1
"Anita Qoiriah, S.Kom., M.Kom.","Dr. Ir. Ricky Eka Putra, S.Kom., M.Kom.",7
"Anita Qoiriah, S.Kom., M.Kom.","Dr. Yuni Yamasari, S.Kom., M.Kom.",18
"Anita Qoiriah, S.Kom., M.Kom.","Naim Rochmawati, S.Kom., M.T.",11
"Anita Qoiriah, S.Kom., M.Kom.","Agus Prihanto, S.T., M.Kom.",5
"Anita Qoiriah, S.Kom., M.Kom.","Dr.  Wiyli Yustanti, S.Si., M.Kom.",6
"Anita Qoiriah, S.Kom., M.Kom.","Rahadian Bisma, S.Kom., M.Kom.",2
"Anita Qoiriah, S.Kom., M.Kom.","Asmunin, S.Kom., M.Kom.",3
"Anita Qoiriah, S.Kom., M.Kom.","Dr. Atik Wintarti, M.Kom.",1
"Anita Qoiriah, S.Kom., M.Kom.","Prof. Dr. Puput Wanarti Rusimamto, S.T., M.T.",1
"Anita Qoiriah, S.Kom., M.Kom.","Dr. Yeni Anistyasari, S.Pd., M.Kom.",1
"Dr. Yuni Yamasari, S.Kom., M.Kom.","Dr. Ir. Ricky Eka Putra, S.Kom., M.Kom.",6
"Dr. Yuni Yamasari, S.Kom., M.Kom.","Naim Rochmawati, S.Kom., M.T.",15
"Dr. Yuni Yamasari, S.Kom., M.Kom.","Dr. Ir. Lusia Rakhmawati, S.T., M.T.",3
"Dr. Yuni Yamasari, S.Kom., M.Kom.","Pradini Puspitaningayu, S.T., M.T., Ph.D.",1
"Dr. Yuni Yamasari, S.Kom., M.Kom.","Agus Prihanto, S.T., M.Kom.",5
"Dr. Yuni Yamasari, S.Kom., M.Kom.","Dr.  Wiyli Yustanti, S.Si., M.Kom.",9
"Dr. Yuni Yamasari, S.Kom., M.Kom.","Dr. Aries Dwi Indriyanti, S.Kom., M.Kom.",1
"Dr. Yuni Yamasari, S.Kom., M.Kom.","Ervin Yohannes, S.Kom., M.Kom., M.Sc., Ph.D.",1
"Dr. Yuni Yamasari, S.Kom., M.Kom.","Rindu Puspita Wibawa, S.Kom., M.Kom.",1
"Dr. Yuni Yamasari, S.Kom., M.Kom.","Ari Kurniawan, S.Kom., M.T.",1
"Dr. Yuni Yamasari, S.Kom., M.Kom.","Paramitha Nerisafitra, S.ST., M.Kom.",1
"Dr. Yuni Yamasari, S.Kom., M.Kom.","Dr. Farid Baskoro, S.T., M.T.",1
"Dr. Yuni Yamasari, S.Kom., M.Kom.","Dr. Widi Aribowo, S.T., M.T.",1
"Dr. Yuni Yamasari, S.Kom., M.Kom.","Miftahur Rohman, S.T., M.T.",1
"Dr. Yuni Yamasari, S.Kom., M.Kom.","Asmunin, S.Kom., M.Kom.",3
"Dr. Yuni Yamasari, S.Kom., M.Kom.","Dr. Atik Wintarti, M.Kom.",1
"Dr. Yuni Yamasari, S.Kom., M.Kom.","Prof. Dr. Puput Wanarti Rusimamto, S.T., M.T.",2
"Dr. Yuni Yamasari, S.Kom., M.Kom.","Dr. Yeni Anistyasari, S.Pd., M.Kom.",1
"Dr. Yuni Yamasari, S.Kom., M.Kom.","Prof. Dr. Ekohariadi, M.Pd.",1
"Dr. Yuni Yamasari, S.Kom., M.Kom.","Prof. Dr. Lilik Anifah, S.T., M.T.",1
"Agus Prihanto, S.T., M.Kom.","Naim Rochmawati, S.Kom., M.T.",3
"Agus Prihanto, S.T., M.Kom.","Dr.  Wiyli Yustanti, S.Si., M.Kom.",2
"Agus Prihanto, S.T., M.Kom.","Asmunin, S.Kom., M.Kom.",1
"Agus Prihanto, S.T., M.Kom.","Dr. Ir. Ricky Eka Putra, S.Kom., M.Kom.",1
"Agus Prihanto, S.T., M.Kom.","Dr. Aries Dwi Indriyanti, S.Kom., M.Kom.",1
"Agus Prihanto, S.T., M.Kom.","Drs. Bambang Sujatmiko, M.T.",1
"Agus Prihanto, S.T., M.Kom.","Rindu Puspita Wibawa, S.Kom., M.Kom.",1
"Agus Prihanto, S.T., M.Kom.","Rahadian Bisma, S.Kom., M.Kom.",1
"Dr. Ir. Ricky Eka Putra, S.Kom., M.Kom.","Dr.  Wiyli Yustanti, S.Si., M.Kom.",2
"Dr. Ir. Ricky Eka Putra, S.Kom., M.Kom.","Paramitha Nerisafitra, S.ST., M.Kom.",1
"Dr. Ir. Ricky Eka Putra, S.Kom., M.Kom.","Rahadian Bisma, S.Kom., M.Kom.",2
"Dr. Ir. Ricky Eka Putra, S.Kom., M.Kom.","Asmunin, S.Kom., M.Kom.",2
"Dr. Ir. Ricky Eka Putra, S.Kom., M.Kom.","Naim Rochmawati, S.Kom., M.T.",2
"Naim Rochmawati, S.Kom., M.T.","Parama Diptya Widayaka, S.ST., M.T.",2
"Naim Rochmawati, S.Kom., M.T.","Pradini Puspitaningayu, S.T., M.T., Ph.D.",1
"Naim Rochmawati, S.Kom., M.T.","Dr.  Wiyli Yustanti, S.Si., M.Kom.",6
"Naim Rochmawati, S.Kom., M.T.","Dr. Atik Wintarti, M.Kom.",1
"Naim Rochmawati, S.Kom., M.T.","Asmunin, S.Kom., M.Kom.",1
"Naim Rochmawati, S.Kom., M.T.","Prof. Dr. Puput Wanarti Rusimamto, S.T., M.T.",2
"Naim Rochmawati, S.Kom., M.T.","Dr. Ir. Lusia Rakhmawati, S.T., M.T.",4
"Naim Rochmawati, S.Kom., M.T.","Dr. Yeni Anistyasari, S.Pd., M.Kom.",3
"Naim Rochmawati, S.Kom., M.T.","Ibnu Febry Kurniawan, S.Kom., M.Sc., Ph.D.",1
"Naim Rochmawati, S.Kom., M.T.","Dodik Arwin Dermawan, S.ST., S.T., M.T.",1
"Paramitha Nerisafitra, S.ST., M.Kom.","Farhanna Mari, S.Kom., M.Kom.",1
"Paramitha Nerisafitra, S.ST., M.Kom.","Ari Kurniawan, S.Kom., M.T.",1
"Ervin Yohannes, S.Kom., M.Kom., M.Sc., Ph.D.","Dr. Aries Dwi Indriyanti, S.Kom., M.Kom.",1
"Farhanna Mari, S.Kom., M.Kom.","Anggraeni Widya Purwita, M.Kom.",1
"Farhanna Mari, S.Kom., M.Kom.","Moch Deny Pratama, S.Tr.Kom., M.Kom.",1
"Farhanna Mari, S.Kom., M.Kom.","Monica Cinthya, M.Kom.",1
"Farhanna Mari, S.Kom., M.Kom.","Rifqi Abdillah, M.Kom.",2
"Farhanna Mari, S.Kom., M.Kom.","Ersha Aisyah Elfaiz, S.Si., M.T.I.",1
"Farhanna Mari, S.Kom., M.Kom.","Riza Akhsani Setyo Prayoga, S.Kom., M.MT.",1
"Rifqi Abdillah, M.Kom.","Anggraeni Widya Purwita, M.Kom.",1
"Rifqi Abdillah, M.Kom.","Moch Deny Pratama, S.Tr.Kom., M.Kom.",1
"Rifqi Abdillah, M.Kom.","Monica Cinthya, M.Kom.",1
"Rifqi Abdillah, M.Kom.","Ersha Aisyah Elfaiz, S.Si., M.T.I.",1
"Rifqi Abdillah, M.Kom.","Riza Akhsani Setyo Prayoga, S.Kom., M.MT.",1
"Rifqi Abdillah, M.Kom.","Mohammad Wildan Habibi, S.Pd., M.Pd.",2
"Rifqi Abdillah, M.Kom.","Parama Diptya Widayaka, S.ST., M.T.",2
"Rifqi Abdillah, M.Kom.","Dr. Tri Rijanto, M.Pd., M.T.",1
"Rifqi Abdillah, M.Kom.","Harun Al Rosyid, S.T., M.T.",1
"Rifqi Abdillah, M.Kom.","Prof. Dr. Lilik Anifah, S.T., M.T.",1
"Rifqi Abdillah, M.Kom.","Ramadhan Cakra Wibawa, S.Pd., M.Kom.",1
"Rifqi Abdillah, M.Kom.","Arif Widodo, S.T., M.Sc.",1
"Rifqi Abdillah, M.Kom.","Pradini Puspitaningayu, S.T., M.T., Ph.D.",1
"Rifqi Abdillah, M.Kom.","Sayyidul Aulia Alamsyah, S.T., M.T.",1
"Dr.  Wiyli Yustanti, S.Si., M.Kom.","Cendra Devayana Putra, S.Kom., M.IM.",1
"Dr.  Wiyli Yustanti, S.Si., M.Kom.","Monica Cinthya, M.Kom.",1
"Dr.  Wiyli Yustanti, S.Si., M.Kom.","Ardhini Warih Utami, S.Kom., M.Kom.",1
"Dr.  Wiyli Yustanti, S.Si., M.Kom.","Ghea Sekar Palupi, S.Kom., M.I.M.",1
"Dr.  Wiyli Yustanti, S.Si., M.Kom.","Rindu Puspita Wibawa, S.Kom., M.Kom.",1
"Dr.  Wiyli Yustanti, S.Si., M.Kom.","Dr. Aries Dwi Indriyanti, S.Kom., M.Kom.",1
"Dr.  Wiyli Yustanti, S.Si., M.Kom.","Dr. Farid Baskoro, S.T., M.T.",1
"Dr.  Wiyli Yustanti, S.Si., M.Kom.","Dr. Widi Aribowo, S.T., M.T.",1
"Dr.  Wiyli Yustanti, S.Si., M.Kom.","Miftahur Rohman, S.T., M.T.",1
"Dr.  Wiyli Yustanti, S.Si., M.Kom.","Dr. Ir. Lusia Rakhmawati, S.T., M.T.",4
"Dr.  Wiyli Yustanti, S.Si., M.Kom.","Dr. Atik Wintarti, M.Kom.",1
"Dr.  Wiyli Yustanti, S.Si., M.Kom.","Asmunin, S.Kom., M.Kom.",1
"Dr.  Wiyli Yustanti, S.Si., M.Kom.","Prof. Dr. Puput Wanarti Rusimamto, S.T., M.T.",1
"Dr.  Wiyli Yustanti, S.Si., M.Kom.","Dr. Yeni Anistyasari, S.Pd., M.Kom.",3
"Dr.  Wiyli Yustanti, S.Si., M.Kom.","Rahadian Bisma, S.Kom., M.Kom.",1
"Dr.  Wiyli Yustanti, S.Si., M.Kom.","Prof. Dr. Lilik Anifah, S.T., M.T.",1
"Dr.  Wiyli Yustanti, S.Si., M.Kom.","Prof. Dr. Tri Wrahatnolo, M.Pd.  M.T.",1
"Dr.  Wiyli Yustanti, S.Si., M.Kom.","Dr. Elly Matul Imah, M.Kom.",1
"Dr. Aries Dwi Indriyanti, S.Kom., M.Kom.","Pradini Puspitaningayu, S.T., M.T., Ph.D.",1
"Dr. Aries Dwi Indriyanti, S.Kom., M.Kom.","Anggraeni Widya Purwita, M.Kom.",1
"Dr. Aries Dwi Indriyanti, S.Kom., M.Kom.","Ghea Sekar Palupi, S.Kom., M.I.M.",1
"Dr. Aries Dwi Indriyanti, S.Kom., M.Kom.","Rahadian Bisma, S.Kom., M.Kom.",1
"Dr. Aries Dwi Indriyanti, S.Kom., M.Kom.","Drs. Bambang Sujatmiko, M.T.",2
"Dr. Aries Dwi Indriyanti, S.Kom., M.Kom.","Rindu Puspita Wibawa, S.Kom., M.Kom.",1
"Ardhini Warih Utami, S.Kom., M.Kom.","Berlian Maulidya Izzati, S.Kom. M.Kom.",1
"Ardhini Warih Utami, S.Kom., M.Kom.","Bonda Sisephaputra, M. Kom.",1
"Ardhini Warih Utami, S.Kom., M.Kom.","Ghea Sekar Palupi, S.Kom., M.I.M.",1
"Rahadian Bisma, S.Kom., M.Kom.","Anggraeni Widya Purwita, M.Kom.",2
"Rahadian Bisma, S.Kom., M.Kom.","Ghea Sekar Palupi, S.Kom., M.I.M.",1
"Rahadian Bisma, S.Kom., M.Kom.","Bonda Sisephaputra, M. Kom.",1
"Rahadian Bisma, S.Kom., M.Kom.","Ibnu Febry Kurniawan, S.Kom., M.Sc., Ph.D.",1
"Ghea Sekar Palupi, S.Kom., M.I.M.","Anggraeni Widya Purwita, M.Kom.",1
"Bonda Sisephaputra, M. Kom.","Berlian Maulidya Izzati, S.Kom. M.Kom.",1
"Bonda Sisephaputra, M. Kom.","Anggraeni Widya Purwita, M.Kom.",1
"Berlian Maulidya Izzati, S.Kom. M.Kom.","Anggraeni Widya Purwita, M.Kom.",2
"Berlian Maulidya Izzati, S.Kom. M.Kom.","Ersha Aisyah Elfaiz, S.Si., M.T.I.",1
"Anggraeni Widya Purwita, M.Kom.","Moch Deny Pratama, S.Tr.Kom., M.Kom.",1
"Anggraeni Widya Purwita, M.Kom.","Monica Cinthya, M.Kom.",1
"Anggraeni Widya Purwita, M.Kom.","Ersha Aisyah Elfaiz, S.Si., M.T.I.",1
"Monica Cinthya, M.Kom.","Moch Deny Pratama, S.Tr.Kom., M.Kom.",1
"Monica Cinthya, M.Kom.","Cendra Devayana Putra, S.Kom., M.IM.",1
"Monica Cinthya, M.Kom.","Ersha Aisyah Elfaiz, S.Si., M.T.I.",1
"Prof. Dr. Ekohariadi, M.Pd.","Dr. Tri Rijanto, M.Pd., M.T.",3
"Prof. Dr. Ekohariadi, M.Pd.","Dr. Yeni Anistyasari, S.Pd., M.Kom.",12
"Prof. Dr. Ekohariadi, M.Pd.","Prof. Dr. Lilik Anifah, S.T., M.T.",2
"Prof. Dr. Ekohariadi, M.Pd.","Prof. Dr. Tri Wrahatnolo, M.Pd.  M.T.",3
"Prof. Dr. Ekohariadi, M.Pd.","Prof. Dr. Bambang Suprianto, M.T.",1
"Prof. Dr. Ekohariadi, M.Pd.","Dr. Subuh Isnur Haryudo, S.T., M.T.",5
"Prof. Dr. Ekohariadi, M.Pd.","Ari Kurniawan, S.Kom., M.T.",1
"Prof. Dr. Ekohariadi, M.Pd.","Prof. Dr. Puput Wanarti Rusimamto, S.T., M.T.",2
"Prof. Dr. Ekohariadi, M.Pd.","Dr.  Endryansyah, S.T., M.T.",1
"Drs. Bambang Sujatmiko, M.T.","Dr. Bachtiar Syaiful Bachri, M.Pd",1
"Drs. Bambang Sujatmiko, M.T.","Rindu Puspita Wibawa, S.Kom., M.Kom.",1
"Dr. Tri Rijanto, M.Pd., M.T.","Dr. Yeni Anistyasari, S.Pd., M.Kom.",3
"Dr. Tri Rijanto, M.Pd., M.T.","Harun Al Rosyid, S.T., M.T.",1
"Dr. Tri Rijanto, M.Pd., M.T.","Mohammad Wildan Habibi, S.Pd., M.Pd.",3
"Dr. Tri Rijanto, M.Pd., M.T.","Prof. Dr. Lilik Anifah, S.T., M.T.",1
"Dr. Tri Rijanto, M.Pd., M.T.","Ramadhan Cakra Wibawa, S.Pd., M.Kom.",1
"Dr. Tri Rijanto, M.Pd., M.T.","Prof. Dr. Nurhayati, S.T., M.T.",1
"Dr. Tri Rijanto, M.Pd., M.T.","Prof. Dr. Puput Wanarti Rusimamto, S.T., M.T.",1
"Dr. Tri Rijanto, M.Pd., M.T.","Prof. Dr. Joko, M.Pd., M.T.",1
"Dr. Tri Rijanto, M.Pd., M.T.","Prof. Dr. Bambang Suprianto, M.T.",1
"Dr. Yeni Anistyasari, S.Pd., M.Kom.","Sayyidul Aulia Alamsyah, S.T., M.T.",1
"Dr. Yeni Anistyasari, S.Pd., M.Kom.","Prof. Dr. Tri Wrahatnolo, M.Pd.  M.T.",1
"Dr. Yeni Anistyasari, S.Pd., M.Kom.","Dr.  Endryansyah, S.T., M.T.",1
"Dr. Yeni Anistyasari, S.Pd., M.Kom.","Prof. Dr. Lilik Anifah, S.T., M.T.",1
"Dr. Yeni Anistyasari, S.Pd., M.Kom.","Prof. Dr. Puput Wanarti Rusimamto, S.T., M.T.",1
"Dr. Yeni Anistyasari, S.Pd., M.Kom.","Ari Kurniawan, S.Kom., M.T.",2
"Dr. Yeni Anistyasari, S.Pd., M.Kom.","Dr. Ir. Lusia Rakhmawati, S.T., M.T.",1
"Dr. Yeni Anistyasari, S.Pd., M.Kom.","Ibnu Febry Kurniawan, S.Kom., M.Sc., Ph.D.",1
"Dr. Yeni Anistyasari, S.Pd., M.Kom.","Dr. Elly Matul Imah, M.Kom.",1
"Rindu Puspita Wibawa, S.Kom., M.Kom.","Dr. Nanang Hoesen. H. A., S.T., M.T.I.",2
"Rindu Puspita Wibawa, S.Kom., M.Kom.","Asmunin, S.Kom., M.Kom.",1
"Rindu Puspita Wibawa, S.Kom., M.Kom.","Dr. Ir. Lusia Rakhmawati, S.T., M.T.",1
"Rindu Puspita Wibawa, S.Kom., M.Kom.","Hasanuddin Al-Habib, M.Si.",1
"Ramadhan Cakra Wibawa, S.Pd., M.Kom.","Harun Al Rosyid, S.T., M.T.",1
"Ramadhan Cakra Wibawa, S.Pd., M.Kom.","Mohammad Wildan Habibi, S.Pd., M.Pd.",1
"Ramadhan Cakra Wibawa, S.Pd., M.Kom.","Prof. Dr. Lilik Anifah, S.T., M.T.",1
"Harun Al Rosyid, S.T., M.T.","Mohammad Wildan Habibi, S.Pd., M.Pd.",1
"Harun Al Rosyid, S.T., M.T.","Prof. Dr. Lilik Anifah, S.T., M.T.",1
"Ir. Rizky Basatha,  S.Pd.,  M.MT.","Riza Akhsani Setyo Prayoga, S.Kom., M.MT.",1
"Riza Akhsani Setyo Prayoga, S.Kom., M.MT.","Ersha Aisyah Elfaiz, S.Si., M.T.I.",1
"Nisa Dwi Septiyanti, S.Kom., M.Pd., M.Sc.","Elvira Wardah, S.Pd., M.Ed.",1
"Mohammad Wildan Habibi, S.Pd., M.Pd.","Parama Diptya Widayaka, S.ST., M.T.",1
"Mohammad Wildan Habibi, S.Pd., M.Pd.","Prof. Dr. Lilik Anifah, S.T., M.T.",1
"Prof. Dr. Bambang Suprianto, M.T.","Dr.  Endryansyah, S.T., M.T.",2
"Prof. Dr. Bambang Suprianto, M.T.","Prof. Dr. Lilik Anifah, S.T., M.T.",5
"Prof. Dr. Bambang Suprianto, M.T.","Prof. Dr. Puput Wanarti Rusimamto, S.T., M.T.",2
"Prof. Dr. Bambang Suprianto, M.T.","Dr. Widi Aribowo, S.T., M.T.",14
"Prof. Dr. Bambang Suprianto, M.T.","Unit Three Kartini, S.T., M.T., Ph.D.",6
"Prof. Dr. Bambang Suprianto, M.T.","Reza Rahmadian, S.ST., M.EngSc.",3
"Prof. Dr. Bambang Suprianto, M.T.","Parama Diptya Widayaka, S.ST., M.T.",1
"Prof. Dr. Bambang Suprianto, M.T.","Prof. Dr. Nurhayati, S.T., M.T.",2
"Prof. Dr. Bambang Suprianto, M.T.","Sayyidul Aulia Alamsyah, S.T., M.T.",1
"Prof. Dr. Bambang Suprianto, M.T.","Dr. Farid Baskoro, S.T., M.T.",3
"Prof. Dr. Bambang Suprianto, M.T.","Prof. Dr. Tri Wrahatnolo, M.Pd.  M.T.",1
"Prof. Dr. Bambang Suprianto, M.T.","Dr. Subuh Isnur Haryudo, S.T., M.T.",1
"Prof. Dr. Bambang Suprianto, M.T.","Prof. Dr. Joko, M.Pd., M.T.",1
"Prof. Dr. Bambang Suprianto, M.T.","Miftahur Rohman, S.T., M.T.",2
"Prof. Dr. Tri Wrahatnolo, M.Pd.  M.T.","Prof. Dr. Lilik Anifah, S.T., M.T.",1
"Prof. Dr. Joko, M.Pd., M.T.","Parama Diptya Widayaka, S.ST., M.T.",1
"Prof. Dr. Joko, M.Pd., M.T.","Dr. Widi Aribowo, S.T., M.T.",1
"Prof. Dr. Joko, M.Pd., M.T.","Arif Widodo, S.T., M.Sc.",1
"Unit Three Kartini, S.T., M.T., Ph.D.","Pradini Puspitaningayu, S.T., M.T., Ph.D.",2
"Unit Three Kartini, S.T., M.T., Ph.D.","Dr. Widi Aribowo, S.T., M.T.",7
"Unit Three Kartini, S.T., M.T., Ph.D.","Dr. Farid Baskoro, S.T., M.T.",1
"Unit Three Kartini, S.T., M.T., Ph.D.","Dr. Subuh Isnur Haryudo, S.T., M.T.",1
"Unit Three Kartini, S.T., M.T., Ph.D.","Miftahur Rohman, S.T., M.T.",1
"Unit Three Kartini, S.T., M.T., Ph.D.","Parama Diptya Widayaka, S.ST., M.T.",1
"Unit Three Kartini, S.T., M.T., Ph.D.","Prof. Dr. Nurhayati, S.T., M.T.",2
"Unit Three Kartini, S.T., M.T., Ph.D.","Sayyidul Aulia Alamsyah, S.T., M.T.",2
"Unit Three Kartini, S.T., M.T., Ph.D.","Prof. Dr. Lilik Anifah, S.T., M.T.",1
"Unit Three Kartini, S.T., M.T., Ph.D.","Reza Rahmadian, S.ST., M.EngSc.",2
"Unit Three Kartini, S.T., M.T., Ph.D.","Arif Widodo, S.T., M.Sc.",1
"Prof. Dr. Lilik Anifah, S.T., M.T.","Prof. Dr. Nurhayati, S.T., M.T.",5
"Prof. Dr. Lilik Anifah, S.T., M.T.","Dr. Ir. Lusia Rakhmawati, S.T., M.T.",2
"Prof. Dr. Lilik Anifah, S.T., M.T.","Prof. Dr. Puput Wanarti Rusimamto, S.T., M.T.",9
"Prof. Dr. Lilik Anifah, S.T., M.T.","Dr.  Endryansyah, S.T., M.T.",3
"Prof. Dr. Lilik Anifah, S.T., M.T.","Parama Diptya Widayaka, S.ST., M.T.",2
"Prof. Dr. Lilik Anifah, S.T., M.T.","Dr. Farid Baskoro, S.T., M.T.",4
"Prof. Dr. Lilik Anifah, S.T., M.T.","Sayyidul Aulia Alamsyah, S.T., M.T.",1
"Prof. Dr. Lilik Anifah, S.T., M.T.","Dr. Subuh Isnur Haryudo, S.T., M.T.",2
"Prof. Dr. Lilik Anifah, S.T., M.T.","Miftahur Rohman, S.T., M.T.",1
"Prof. Dr. Lilik Anifah, S.T., M.T.","Reza Rahmadian, S.ST., M.EngSc.",1
"Prof. Dr. Lilik Anifah, S.T., M.T.","Dr. Ir. Nur Kholis, S.T., M.T.",1
"Prof. Dr. Lilik Anifah, S.T., M.T.","Pradini Puspitaningayu, S.T., M.T., Ph.D.",2
"Prof. Dr. Lilik Anifah, S.T., M.T.","Arif Widodo, S.T., M.Sc.",1
"Dr. Ir. Lusia Rakhmawati, S.T., M.T.","Prof. Dr. Nurhayati, S.T., M.T.",3
"Dr. Ir. Lusia Rakhmawati, S.T., M.T.","Pradini Puspitaningayu, S.T., M.T., Ph.D.",6
"Dr. Ir. Lusia Rakhmawati, S.T., M.T.","Asmunin, S.Kom., M.Kom.",1
"Dr. Ir. Lusia Rakhmawati, S.T., M.T.","Dr. Nanang Hoesen. H. A., S.T., M.T.I.",1
"Dr. Ir. Lusia Rakhmawati, S.T., M.T.","Hasanuddin Al-Habib, M.Si.",1
"Dr. Ir. Lusia Rakhmawati, S.T., M.T.","Dr. Elly Matul Imah, M.Kom.",1
"Dr. Ir. Lusia Rakhmawati, S.T., M.T.","Miftahur Rohman, S.T., M.T.",1
"Prof. Dr. Nurhayati, S.T., M.T.","Prof. Dr. Puput Wanarti Rusimamto, S.T., M.T.",2
"Prof. Dr. Nurhayati, S.T., M.T.","Pradini Puspitaningayu, S.T., M.T., Ph.D.",3
"Prof. Dr. Nurhayati, S.T., M.T.","Miftahur Rohman, S.T., M.T.",1
"Prof. Dr. Nurhayati, S.T., M.T.","Parama Diptya Widayaka, S.ST., M.T.",1
"Prof. Dr. Nurhayati, S.T., M.T.","Sayyidul Aulia Alamsyah, S.T., M.T.",1
"Prof. Dr. Nurhayati, S.T., M.T.","Arif Widodo, S.T., M.Sc.",1
"Prof. Dr. Nurhayati, S.T., M.T.","Dr.  Endryansyah, S.T., M.T.",1
"Pradini Puspitaningayu, S.T., M.T., Ph.D.","Parama Diptya Widayaka, S.ST., M.T.",4
"Pradini Puspitaningayu, S.T., M.T., Ph.D.","Sayyidul Aulia Alamsyah, S.T., M.T.",2
"Pradini Puspitaningayu, S.T., M.T., Ph.D.","Dr. Subuh Isnur Haryudo, S.T., M.T.",1
"Pradini Puspitaningayu, S.T., M.T., Ph.D.","Ibnu Febry Kurniawan, S.Kom., M.Sc., Ph.D.",1
"Pradini Puspitaningayu, S.T., M.T., Ph.D.","Ulfa Siti Nuraini, S.Stat., M.Stat.",1
"Pradini Puspitaningayu, S.T., M.T., Ph.D.","Arif Widodo, S.T., M.Sc.",6
"Pradini Puspitaningayu, S.T., M.T., Ph.D.","Dr. Ir. Nur Kholis, S.T., M.T.",1
"Prof. Dr. Puput Wanarti Rusimamto, S.T., M.T.","Dr.  Endryansyah, S.T., M.T.",7
"Prof. Dr. Puput Wanarti Rusimamto, S.T., M.T.","Parama Diptya Widayaka, S.ST., M.T.",1
"Prof. Dr. Puput Wanarti Rusimamto, S.T., M.T.","Dr. Subuh Isnur Haryudo, S.T., M.T.",1
"Dr. Subuh Isnur Haryudo, S.T., M.T.","Dr. Widi Aribowo, S.T., M.T.",2
"Dr. Subuh Isnur Haryudo, S.T., M.T.","Reza Rahmadian, S.ST., M.EngSc.",1
"Dr. Subuh Isnur Haryudo, S.T., M.T.","Dr. Farid Baskoro, S.T., M.T.",2
"Dr. Subuh Isnur Haryudo, S.T., M.T.","Miftahur Rohman, S.T., M.T.",1
"Dr. Ir. Nur Kholis, S.T., M.T.","Hesti Khuzaimah Nurul Yusufiyah, S.Si., M.Eng.",1
"Dr. Ir. Nur Kholis, S.T., M.T.","Reza Rahmadian, S.ST., M.EngSc.",1
"Ibrohim, S.T., M.T.","Arif Widodo, S.T., M.Sc.",1
"Ibrohim, S.T., M.T.","Dr. Farid Baskoro, S.T., M.T.",1
"Dr. Farid Baskoro, S.T., M.T.","Miftahur Rohman, S.T., M.T.",10
"Dr. Farid Baskoro, S.T., M.T.","Arif Widodo, S.T., M.Sc.",2
"Dr. Farid Baskoro, S.T., M.T.","Dr. Widi Aribowo, S.T., M.T.",4
"Arif Widodo, S.T., M.Sc.","Parama Diptya Widayaka, S.ST., M.T.",1
"Arif Widodo, S.T., M.Sc.","Sayyidul Aulia Alamsyah, S.T., M.T.",1
"Arif Widodo, S.T., M.Sc.","Dr. Elly Matul Imah, M.Kom.",1
"Miftahur Rohman, S.T., M.T.","Dr. Widi Aribowo, S.T., M.T.",5
"Parama Diptya Widayaka, S.ST., M.T.","Sayyidul Aulia Alamsyah, S.T., M.T.",4
"Dr. Widi Aribowo, S.T., M.T.","Reza Rahmadian, S.ST., M.EngSc.",12
"Reza Rahmadian, S.ST., M.EngSc.","Aditya Chandra Hermawan, S.ST., M.T.",1
"Dr. Elly Matul Imah, M.Kom.","Harmon Prayogi, M.Sc.",1
"Dr. Elly Matul Imah, M.Kom.","Ike Fitriyaningsih, M.Si",1
"Dr. Elly Matul Imah, M.Kom.","Riskyana Dewi Intan P, M.Kom.",6
"Dr. Elly Matul Imah, M.Kom.","Fadhilah Qalbi Annisa, S.T., M.Sc.",2
"Dr. Elly Matul Imah, M.Kom.","Hasanuddin Al-Habib, M.Si.",1
"Dr. Elly Matul Imah, M.Kom.","Dr. Atik Wintarti, M.Kom.",6
"Riskyana Dewi Intan P, M.Kom.","Harmon Prayogi, M.Sc.",1
"Riskyana Dewi Intan P, M.Kom.","Ike Fitriyaningsih, M.Si",1
"Riskyana Dewi Intan P, M.Kom.","Fadhilah Qalbi Annisa, S.T., M.Sc.",3
"Riskyana Dewi Intan P, M.Kom.","Hasanuddin Al-Habib, M.Si.",1
"Riskyana Dewi Intan P, M.Kom.","Dr. Atik Wintarti, M.Kom.",2
"Fadhilah Qalbi Annisa, S.T., M.Sc.","Ibnu Febry Kurniawan, S.Kom., M.Sc., Ph.D.",1
"Fadhilah Qalbi Annisa, S.T., M.Sc.","Hasanuddin Al-Habib, M.Si.",1
"Harmon Prayogi, M.Sc.","Ike Fitriyaningsih, M.Si",1
"Dr. Atik Wintarti, M.Kom.","Rosita, S.Pd., M.Pd.",1
"Ibnu Febry Kurniawan, S.Kom., M.Sc., Ph.D.","Ulfa Siti Nuraini, S.Stat., M.Stat.",1
"Hasanuddin Al-Habib, M.Si.","Asmunin, S.Kom., M.Kom.",1
"Hasanuddin Al-Habib, M.Si.","Dr. Nanang Hoesen. H. A., S.T., M.T.I.",1
"Hujjatullah Fazlurrahman, S.E., MBA.","Anita Safitri, M. Kom.",3
"Hujjatullah Fazlurrahman, S.E., MBA.","Dr. Nanang Hoesen. H. A., S.T., M.T.I.",3
"Hujjatullah Fazlurrahman, S.E., MBA.","Riska Dhenabayu, S.Kom., M.M.",4
"Hujjatullah Fazlurrahman, S.E., MBA.","Achmad Kautsar, S.E., M.M.",5
"Hujjatullah Fazlurrahman, S.E., MBA.","Dr. Dhiyan Septa Wihara, S.P., M.M.",1
"Hujjatullah Fazlurrahman, S.E., MBA.","Achmad Fitro, S.Kom., M.Kom.",1
"Hujjatullah Fazlurrahman, S.E., MBA.","Dr.  Ratih Amelia, S.E., M.M.",1
"Hujjatullah Fazlurrahman, S.E., MBA.","Hafid Kholidi Hadi, S.E., M.SM.",1
"Hujjatullah Fazlurrahman, S.E., MBA.","Muhammad Fajar Wahyudi Rahman, S.E., M.M.",1
"Hujjatullah Fazlurrahman, S.E., MBA.","Fresha Kharisma,  S.E., M.SM.",1
"Hujjatullah Fazlurrahman, S.E., MBA.","Ika Diyah Candra Arifah, S.E., M.Com.",1
"Achmad Kautsar, S.E., M.M.","Dr. Dhiyan Septa Wihara, S.P., M.M.",2
"Achmad Kautsar, S.E., M.M.","Dr. Nanang Hoesen. H. A., S.T., M.T.I.",3
"Achmad Kautsar, S.E., M.M.","Hafid Kholidi Hadi, S.E., M.SM.",6
"Achmad Kautsar, S.E., M.M.","Muhammad Fajar Wahyudi Rahman, S.E., M.M.",7
"Achmad Kautsar, S.E., M.M.","Anita Safitri, M. Kom.",6
"Achmad Kautsar, S.E., M.M.","Fresha Kharisma,  S.E., M.SM.",3
"Achmad Kautsar, S.E., M.M.","Ika Diyah Candra Arifah, S.E., M.Com.",4
"Achmad Kautsar, S.E., M.M.","Renny Sari Dewi, S. Kom., M. Kom.",3
"Achmad Kautsar, S.E., M.M.","Dr.  Ratih Amelia, S.E., M.M.",3
"Achmad Kautsar, S.E., M.M.","Nadia Nur Thahirrah, S.E., M.SM.",1
"Achmad Kautsar, S.E., M.M.","Riska Dhenabayu, S.Kom., M.M.",1
"Hafid Kholidi Hadi, S.E., M.SM.","Anita Safitri, M. Kom.",6
"Hafid Kholidi Hadi, S.E., M.SM.","Ika Diyah Candra Arifah, S.E., M.Com.",4
"Hafid Kholidi Hadi, S.E., M.SM.","Muhammad Fajar Wahyudi Rahman, S.E., M.M.",5
"Hafid Kholidi Hadi, S.E., M.SM.","Dr.  Ratih Amelia, S.E., M.M.",2
"Hafid Kholidi Hadi, S.E., M.SM.","Fresha Kharisma,  S.E., M.SM.",3
"Hafid Kholidi Hadi, S.E., M.SM.","Nadia Nur Thahirrah, S.E., M.SM.",2
"Hafid Kholidi Hadi, S.E., M.SM.","Renny Sari Dewi, S. Kom., M. Kom.",2
"Hafid Kholidi Hadi, S.E., M.SM.","Riska Dhenabayu, S.Kom., M.M.",1
"Hafid Kholidi Hadi, S.E., M.SM.","Dr. Nanang Hoesen. H. A., S.T., M.T.I.",3
"Hafid Kholidi Hadi, S.E., M.SM.","Dr. Dhiyan Septa Wihara, S.P., M.M.",2
"Ika Diyah Candra Arifah, S.E., M.Com.","Anita Safitri, M. Kom.",3
"Ika Diyah Candra Arifah, S.E., M.Com.","Muhammad Fajar Wahyudi Rahman, S.E., M.M.",2
"Ika Diyah Candra Arifah, S.E., M.Com.","Renny Sari Dewi, S. Kom., M. Kom.",3
"Ika Diyah Candra Arifah, S.E., M.Com.","Riska Dhenabayu, S.Kom., M.M.",1
"Ika Diyah Candra Arifah, S.E., M.Com.","Dr. Nanang Hoesen. H. A., S.T., M.T.I.",2
"Ika Diyah Candra Arifah, S.E., M.Com.","Fresha Kharisma,  S.E., M.SM.",5
"Ika Diyah Candra Arifah, S.E., M.Com.","Dr.  Ratih Amelia, S.E., M.M.",1
"Ika Diyah Candra Arifah, S.E., M.Com.","Nadia Nur Thahirrah, S.E., M.SM.",2
"Riska Dhenabayu, S.Kom., M.M.","Anita Safitri, M. Kom.",3
"Riska Dhenabayu, S.Kom., M.M.","Dr. Nanang Hoesen. H. A., S.T., M.T.I.",3
"Riska Dhenabayu, S.Kom., M.M.","Renny Sari Dewi, S. Kom., M. Kom.",2
"Riska Dhenabayu, S.Kom., M.M.","Achmad Fitro, S.Kom., M.Kom.",2
"Fresha Kharisma,  S.E., M.SM.","Dr.  Ratih Amelia, S.E., M.M.",3
"Fresha Kharisma,  S.E., M.SM.","Nadia Nur Thahirrah, S.E., M.SM.",3
"Fresha Kharisma,  S.E., M.SM.","Dr. Nanang Hoesen. H. A., S.T., M.T.I.",3
"Fresha Kharisma,  S.E., M.SM.","Anita Safitri, M. Kom.",4
"Fresha Kharisma,  S.E., M.SM.","Muhammad Fajar Wahyudi Rahman, S.E., M.M.",1
"Fresha Kharisma,  S.E., M.SM.","Renny Sari Dewi, S. Kom., M. Kom.",3
"Fresha Kharisma,  S.E., M.SM.","Dr. Dhiyan Septa Wihara, S.P., M.M.",1
"Renny Sari Dewi, S. Kom., M. Kom.","Achmad Fitro, S.Kom., M.Kom.",1
"Renny Sari Dewi, S. Kom., M. Kom.","Anita Safitri, M. Kom.",4
"Renny Sari Dewi, S. Kom., M. Kom.","Dr. Nanang Hoesen. H. A., S.T., M.T.I.",1
"Anita Safitri, M. Kom.","Muhammad Fajar Wahyudi Rahman, S.E., M.M.",5
"Anita Safitri, M. Kom.","Dr. Nanang Hoesen. H. A., S.T., M.T.I.",5
"Anita Safitri, M. Kom.","Achmad Fitro, S.Kom., M.Kom.",1
"Anita Safitri, M. Kom.","Dr.  Ratih Amelia, S.E., M.M.",1
"Anita Safitri, M. Kom.","Nadia Nur Thahirrah, S.E., M.SM.",1
"Anita Safitri, M. Kom.","Dr. Dhiyan Septa Wihara, S.P., M.M.",1
"Dr. Nanang Hoesen. H. A., S.T., M.T.I.","Achmad Fitro, S.Kom., M.Kom.",1
"Dr. Nanang Hoesen. H. A., S.T., M.T.I.","Muhammad Fajar Wahyudi Rahman, S.E., M.M.",2
"Dr. Nanang Hoesen. H. A., S.T., M.T.I.","Asmunin, S.Kom., M.Kom.",1
"Muhammad Fajar Wahyudi Rahman, S.E., M.M.","Dr.  Ratih Amelia, S.E., M.M.",1
"Muhammad Fajar Wahyudi Rahman, S.E., M.M.","Nadia Nur Thahirrah, S.E., M.SM.",1
"Dr.  Ratih Amelia, S.E., M.M.","Dr. Dhiyan Septa Wihara, S.P., M.M.",3
"Dr.  Ratih Amelia, S.E., M.M.","Nadia Nur Thahirrah, S.E., M.SM.",4
"Nadia Nur Thahirrah, S.E., M.SM.","Dr. Dhiyan Septa Wihara, S.P., M.M.",1
"Dodik Arwin Dermawan, S.ST., S.T., M.T.","Asmunin, S.Kom., M.Kom.",2
"Dodik Arwin Dermawan, S.ST., S.T., M.T.","Dimas Novian Aditia Syahputra, S.Tr.T., M.Tr.T.",5
"Dodik Arwin Dermawan, S.ST., S.T., M.T.","Faris Abdi El Hakim, S.Kom., M.Tr.Kom.",1
"Dodik Arwin Dermawan, S.ST., S.T., M.T.","Salamun Rohman Nudin, S.Kom., M.Kom.",3
"Dodik Arwin Dermawan, S.ST., S.T., M.T.","I Gde Agung Sri Sidhimantra, S.Kom., M.Kom.",5
"Asmunin, S.Kom., M.Kom.","Dimas Novian Aditia Syahputra, S.Tr.T., M.Tr.T.",1
"Asmunin, S.Kom., M.Kom.","Faris Abdi El Hakim, S.Kom., M.Tr.Kom.",1
"Asmunin, S.Kom., M.Kom.","Salamun Rohman Nudin, S.Kom., M.Kom.",2
"Asmunin, S.Kom., M.Kom.","I Gde Agung Sri Sidhimantra, S.Kom., M.Kom.",1
"Asmunin, S.Kom., M.Kom.","Andi Iwan Nurhidayat, S.Kom., M.T.",1
"Salamun Rohman Nudin, S.Kom., M.Kom.","Dimas Novian Aditia Syahputra, S.Tr.T., M.Tr.T.",2
"Salamun Rohman Nudin, S.Kom., M.Kom.","Faris Abdi El Hakim, S.Kom., M.Tr.Kom.",1
"Salamun Rohman Nudin, S.Kom., M.Kom.","I Gde Agung Sri Sidhimantra, S.Kom., M.Kom.",2
"I Gde Agung Sri Sidhimantra, S.Kom., M.Kom.","Dimas Novian Aditia Syahputra, S.Tr.T., M.Tr.T.",3
"Faris Abdi El Hakim, S.Kom., M.Tr.Kom.","Dimas Novian Aditia Syahputra, S.Tr.T., M.Tr.T.",1
"Prof. Dr. Mustaji, M.Pd.","Dr. Bachtiar Syaiful Bachri, M.Pd",3
"Prof. Dr. Mustaji, M.Pd.","Dr. Fajar Arianto, S.Pd., M.Pd.",4
"Prof. Dr. Mustaji, M.Pd.","Dr. H. Andi Mariono, M.Pd.",5
"Prof.Dr. Rusijono, M.Pd.","Dr. Fajar Arianto, S.Pd., M.Pd.",1
"Prof. Dr. Siti Masitoh, M.Pd.","Dr. Fajar Arianto, S.Pd., M.Pd.",2
"Prof. Dr. Siti Masitoh, M.Pd.","Dr. Bachtiar Syaiful Bachri, M.Pd",4
"Prof.Dr.Yatim Riyanto,M.Pd.","Dr. Bachtiar Syaiful Bachri, M.Pd",1
"Dr. Bachtiar Syaiful Bachri, M.Pd","Dr. Fajar Arianto, S.Pd., M.Pd.",1
