nama_dosen,degree,constraint,effective_size,degree_centrality,betweenness,closeness
"Aditya Prapanca, S.T., M.Kom.",11,0.3331847652594062,8.816496598639455,0.11956521739130435,0.02357199737718268,0.37398373983739835
"Anita Qoiriah, S.Kom., M.Kom.",11,0.4055523312901013,8.616071428571427,0.11956521739130435,0.01043485676736592,0.40350877192982454
"Dr. Yuni Yamasari, S.Kom., M.Kom.",22,0.2824983738969705,19.561023500309215,0.2391304347826087,0.09921029296411042,0.44878048780487806
"Agus Prihanto, S.T., M.Kom.",11,0.3821295062645462,8.318357487922706,0.11956521739130435,0.04301538739517485,0.40350877192982454
"Dr. Ir. Ricky Eka Putra, S.Kom., M.Kom.",8,0.48446816951411914,5.423671497584541,0.08695652173913043,0.0069462114794558594,0.38493723849372385
"Naim Rochmawati, S.Kom., M.T.",15,0.3368434024868087,12.615079365079364,0.16304347826086957,0.04411235060791924,0.42592592592592593
"Paramitha Nerisafitra, S.ST., M.Kom.",4,0.3326374113206657,3.5634920634920637,0.043478260869565216,0.007826123220867292,0.33093525179856115
"Ervin Yohannes, S.Kom., M.Kom., M.Sc., Ph.D.",3,0.46024410969622015,2.4444444444444446,0.03260869565217391,0.0,0.33454545454545453
"Farhanna Mari, S.Kom., M.Kom.",7,0.3233740689562862,4.5,0.07608695652173914,0.008754703883886036,0.30564784053156147
"Rifqi Abdillah, M.Kom.",15,0.1775151316890041,12.354938271604938,0.16304347826086957,0.07829212706974249,0.36363636363636365
"Dr.  Wiyli Yustanti, S.Si., M.Kom.",24,0.23514531943708328,21.45504535147392,0.2608695652173913,0.1731133594253613,0.467005076142132
"Dr. Aries Dwi Indriyanti, S.Kom., M.Kom.",11,0.18271660869184614,9.429629629629629,0.11956521739130435,0.0831627871101362,0.41818181818181815
"Ardhini Warih Utami, S.Kom., M.Kom.",4,0.34273330122865475,3.3472222222222223,0.043478260869565216,0.013864262301202876,0.32974910394265233
"Rahadian Bisma, S.Kom., M.Kom.",9,0.2194832596166425,7.584126984126984,0.09782608695652173,0.019656931138991533,0.359375
"Ghea Sekar Palupi, S.Kom., M.I.M.",5,0.30535043269008283,3.7333333333333334,0.05434782608695652,0.0018328170740975315,0.34980988593155893
"Bonda Sisephaputra, M. Kom.",4,0.45390624999999996,2.625,0.043478260869565216,0.0009613574830966133,0.2804878048780488
"Berlian Maulidya Izzati, S.Kom. M.Kom.",4,0.4308333333333334,2.8,0.043478260869565216,0.0012701067048893134,0.27710843373493976
"Anggraeni Widya Purwita, M.Kom.",10,0.21861712888601942,7.833333333333333,0.10869565217391304,0.03527119440087575,0.3420074349442379
"Monica Cinthya, M.Kom.",7,0.29990532461384134,4.984126984126984,0.07608695652173914,0.021330223323957665,0.3524904214559387
"Cendra Devayana Putra, S.Kom., M.IM.",2,0.5868388171595169,1.4444444444444444,0.021739130434782608,0.0,0.32857142857142857
"Prof. Dr. Ekohariadi, M.Pd.",10,0.3000233738992747,8.783410138248847,0.10869565217391304,0.0044512299212881344,0.3552123552123552
"Drs. Bambang Sujatmiko, M.T.",4,0.34653576979626133,3.3200000000000003,0.043478260869565216,0.14214046822742474,0.3445692883895131
"Dr. Tri Rijanto, M.Pd., M.T.",11,0.2492336899362439,9.146918767507001,0.11956521739130435,0.008859164946934672,0.33948339483394835
"Dr. Yeni Anistyasari, S.Pd., M.Kom.",15,0.263572553827959,13.348172198172197,0.16304347826086957,0.033634965168215625,0.40707964601769914
"Rindu Puspita Wibawa, S.Kom., M.Kom.",9,0.20733443477924796,7.241111111111111,0.09782608695652173,0.09517032661408355,0.416289592760181
"Ramadhan Cakra Wibawa, S.Pd., M.Kom.",5,0.4277253876714085,2.7444444444444445,0.05434782608695652,0.0,0.31833910034602075
"Harun Al Rosyid, S.T., M.T.",5,0.4277253876714085,2.7444444444444445,0.05434782608695652,0.0,0.31833910034602075
"Ir. Rizky Basatha,  S.Pd.,  M.MT.",1,1.0,1.0,0.010869565217391304,0.0,0.215962441314554
"Riza Akhsani Setyo Prayoga, S.Kom., M.MT.",4,0.3770857445987654,2.75,0.043478260869565216,0.021739130434782608,0.2746268656716418
"Ersha Aisyah Elfaiz, S.Si., M.T.I.",6,0.3561569131253324,3.7500000000000004,0.06521739130434782,0.0063484263304684685,0.3026315789473684
"Mohammad Wildan Habibi, S.Pd., M.Pd.",6,0.3582972053233999,3.814814814814815,0.06521739130434782,0.00026505585511796693,0.32167832167832167
"Prof. Dr. Bambang Suprianto, M.T.",17,0.29031514882368736,14.485025915127954,0.18478260869565216,0.01121186468531228,0.3445692883895131
"Prof. Dr. Tri Wrahatnolo, M.Pd.  M.T.",5,0.43304441208395617,4.0062358276643995,0.05434782608695652,0.0007445634647480239,0.3552123552123552
"Prof. Dr. Joko, M.Pd., M.T.",5,0.2723531672661988,4.371428571428571,0.05434782608695652,0.0006615509683816724,0.3016393442622951
"Unit Three Kartini, S.T., M.T., Ph.D.",13,0.34021217170171947,10.361011904761904,0.14130434782608695,0.004972158119700869,0.3471698113207547
"Prof. Dr. Lilik Anifah, S.T., M.T.",25,0.16726241555045915,22.377373171490824,0.2717391304347826,0.12710154540906643,0.4339622641509434
"Dr. Ir. Lusia Rakhmawati, S.T., M.T.",13,0.19686813409226878,11.294827586206898,0.14130434782608695,0.14732841150134268,0.45320197044334976
"Prof. Dr. Nurhayati, S.T., M.T.",12,0.2475287042933084,9.674430641821948,0.13043478260869565,0.011345470170246359,0.3724696356275304
"Pradini Puspitaningayu, S.T., M.T., Ph.D.",15,0.1846055276835546,13.18056758056758,0.16304347826086957,0.08257620177748422,0.42790697674418604
"Prof. Dr. Puput Wanarti Rusimamto, S.T., M.T.",13,0.2735438504834771,11.002554563492064,0.14130434782608695,0.011222393651624708,0.3709677419354839
"Dr. Subuh Isnur Haryudo, S.T., M.T.",10,0.2661111287932716,8.295378151260504,0.10869565217391304,0.0024368286893842734,0.336996336996337
"Dr. Ir. Nur Kholis, S.T., M.T.",4,0.2706814435642998,3.8125,0.043478260869565216,0.02209177985575501,0.3262411347517731
"Dr.  Endryansyah, S.T., M.T.",6,0.48373338382589093,4.294021164021164,0.06521739130434782,0.00021267906542416843,0.32280701754385965
"Ibrohim, S.T., M.T.",2,0.5979555562870038,1.7333333333333334,0.021739130434782608,0.0,0.2857142857142857
"Dr. Farid Baskoro, S.T., M.T.",10,0.3061826839749079,8.581609195402299,0.10869565217391304,0.01571283409716655,0.36507936507936506
"Arif Widodo, S.T., M.Sc.",11,0.26206820934957803,9.137441643323996,0.11956521739130435,0.027481616830352978,0.3607843137254902
"Miftahur Rohman, S.T., M.T.",10,0.38336385830510644,8.154100529100528,0.10869565217391304,0.008315591785137777,0.3881856540084388
"Parama Diptya Widayaka, S.ST., M.T.",12,0.22200557703952425,9.828949357520788,0.13043478260869565,0.013425685950798395,0.36947791164658633
"Dr. Widi Aribowo, S.T., M.T.",10,0.30959130805941104,8.659797979797979,0.10869565217391304,0.01194472511320116,0.35797665369649806
"Reza Rahmadian, S.ST., M.EngSc.",8,0.5188146031551603,6.137714285714286,0.08695652173913043,0.024044445396519596,0.33212996389891697
"Aditya Chandra Hermawan, S.ST., M.T.",1,1.0,1.0,0.010869565217391304,0.0,0.25
"Sayyidul Aulia Alamsyah, S.T., M.T.",9,0.28908417252715557,6.719217687074831,0.09782608695652173,0.002569218776128247,0.3511450381679389
"Hesti Khuzaimah Nurul Yusufiyah, S.Si., M.Eng.",1,1.0,1.0,0.010869565217391304,0.0,0.24664879356568364
"Dr. Elly Matul Imah, M.Kom.",10,0.33727612731671974,8.91005291005291,0.10869565217391304,0.058294835619717454,0.38016528925619836
"Riskyana Dewi Intan P, M.Kom.",6,0.5589639671832989,4.428571428571429,0.06521739130434782,0.006581325648735226,0.31724137931034485
"Fadhilah Qalbi Annisa, S.T., M.Sc.",4,0.5768545513443472,2.880952380952381,0.043478260869565216,0.0024510704719242966,0.31833910034602075
"Harmon Prayogi, M.Sc.",3,0.7753212396069538,1.5555555555555556,0.03260869565217391,0.0,0.27794561933534745
"Ike Fitriyaningsih, M.Si",3,0.7753212396069538,1.5555555555555556,0.03260869565217391,0.0,0.27794561933534745
"Dr. Atik Wintarti, M.Kom.",7,0.4295323022025784,5.626495726495726,0.07608695652173914,0.028372008750528126,0.3458646616541353
"Ibnu Febry Kurniawan, S.Kom., M.Sc., Ph.D.",6,0.21487730843791447,5.691666666666666,0.06521739130434782,0.01119479642437495,0.3471698113207547
"Hasanuddin Al-Habib, M.Si.",7,0.2756763307961527,5.6952380952380945,0.07608695652173914,0.028792462479095688,0.37398373983739835
"Ulfa Siti Nuraini, S.Stat., M.Stat.",2,0.6056588613406796,1.4166666666666665,0.021739130434782608,0.0,0.30666666666666664
"Hujjatullah Fazlurrahman, S.E., MBA.",11,0.3518077259650465,6.780952380952382,0.11956521739130435,0.00732373216845266,0.2857142857142857
"Achmad Kautsar, S.E., M.M.",12,0.31752687796493556,7.776136363636366,0.13043478260869565,0.010301913407503476,0.2866043613707165
"Hafid Kholidi Hadi, S.E., M.SM.",12,0.34415523503679535,7.46061776061776,0.13043478260869565,0.010301913407503476,0.2866043613707165
"Ika Diyah Candra Arifah, S.E., M.Com.",11,0.3564850059932348,6.376700680272109,0.11956521739130435,0.006291948217414059,0.2857142857142857
"Riska Dhenabayu, S.Kom., M.M.",8,0.37362671277588405,4.592717086834734,0.08695652173913043,0.00017319636884854277,0.28307692307692306
"Fresha Kharisma,  S.E., M.SM.",11,0.3328617047235749,6.630396825396826,0.11956521739130435,0.010060746706709445,0.2857142857142857
"Renny Sari Dewi, S. Kom., M. Kom.",8,0.3707286917840158,4.32155388471178,0.08695652173913043,0.00023718517507337382,0.28307692307692306
"Anita Safitri, M. Kom.",13,0.31789260909749667,8.688593576965669,0.14130434782608695,0.011062384820148803,0.2875
"Dr. Nanang Hoesen. H. A., S.T., M.T.I.",14,0.26774034121542617,10.110752688172042,0.15217391304347827,0.24576792255363686,0.3770491803278688
"Muhammad Fajar Wahyudi Rahman, S.E., M.M.",9,0.42426478321112254,4.637333333333333,0.09782608695652173,0.005945271085022642,0.2839506172839506
"Dr.  Ratih Amelia, S.E., M.M.",9,0.3673196885607263,5.283458646616541,0.09782608695652173,9.811616954474097e-05,0.228287841191067
"Nadia Nur Thahirrah, S.E., M.SM.",8,0.40535991937840304,4.153650793650794,0.08695652173913043,6.82547266398198e-05,0.22772277227722773
"Dr. Dhiyan Septa Wihara, S.P., M.M.",7,0.4010782455423766,3.7387445887445887,0.07608695652173914,2.9861442904921164e-05,0.2271604938271605
"Achmad Fitro, S.Kom., M.Kom.",5,0.4656965836964795,2.5583333333333336,0.05434782608695652,2.9861442904921164e-05,0.2804878048780488
"Dodik Arwin Dermawan, S.ST., S.T., M.T.",6,0.5070195893912915,4.407843137254901,0.06521739130434782,0.005159164979684724,0.3274021352313167
"Asmunin, S.Kom., M.Kom.",16,0.22791080531881405,13.383643892339544,0.17391304347826086,0.14617583539222806,0.41818181818181815
"Andi Iwan Nurhidayat, S.Kom., M.T.",1,1.0,1.0,0.010869565217391304,0.0,0.2958199356913183
"Ari Kurniawan, S.Kom., M.T.",4,0.46473331584305677,3.1166666666666663,0.043478260869565216,0.0008380609768991209,0.33212996389891697
"Salamun Rohman Nudin, S.Kom., M.Kom.",5,0.6365668093067327,2.826666666666666,0.05434782608695652,5.972288580984233e-05,0.2996742671009772
"I Gde Agung Sri Sidhimantra, S.Kom., M.Kom.",4,0.7381423197894803,2.0787878787878786,0.043478260869565216,0.0,0.2987012987012987
"Rosita, S.Pd., M.Pd.",1,1.0,1.0,0.010869565217391304,0.0,0.25770308123249297
"Faris Abdi El Hakim, S.Kom., M.Tr.Kom.",4,0.6015732531892998,2.1,0.043478260869565216,0.0,0.2987012987012987
"Dimas Novian Aditia Syahputra, S.Tr.T., M.Tr.T.",5,0.6964533905111632,2.822222222222222,0.05434782608695652,5.972288580984233e-05,0.2996742671009772
"Moch Deny Pratama, S.Tr.Kom., M.Kom.",4,0.45727188444822375,1.875,0.043478260869565216,0.0,0.2987012987012987
"Prof. Dr. Mustaji, M.Pd.",3,0.38708333333333333,2.8541666666666665,0.03260869565217391,0.021739130434782608,0.21247113163972287
"Prof.Dr. Rusijono, M.Pd.",1,1.0,1.0,0.010869565217391304,0.0,0.17590822179732313
"Prof. Dr. Siti Masitoh, M.Pd.",2,0.6617361111111111,1.75,0.021739130434782608,0.0,0.21149425287356322
"Prof.Dr.Yatim Riyanto,M.Pd.",1,1.0,1.0,0.010869565217391304,0.0,0.21052631578947367
"Dr. Bachtiar Syaiful Bachri, M.Pd",5,0.43423611111111127,4.409999999999999,0.05434782608695652,0.12470138557095078,0.2658959537572254
"Dr. H. Andi Mariono, M.Pd.",1,1.0,1.0,0.010869565217391304,0.0,0.17557251908396945
"Dr. Fajar Arianto, S.Pd., M.Pd.",4,0.568142361111111,3.23125,0.043478260869565216,0.021978021978021976,0.21296296296296297
